Country Name;Country Code;Indicator Name;Indicator Code;1960;1961;1962;1963;1964;1965;1966;1967;1968;1969;1970;1971;1972;1973;1974;1975;1976;1977;1978;1979;1980;1981;1982;1983;1984;1985;1986;1987;1988;1989;1990;1991;1992;1993;1994;1995;1996;1997;1998;1999;2000;2001;2002;2003;2004;2005;2006;2007;2008;2009;2010;2011;2012;2013;2014;2015;2016;2017;2018
Aruba;ABW;Research and development expenditure (% of GDP);GB.XPD.RSDV.GD.ZS;;;;;;;;;;;;;;;;;;;;;;;;;;;;;;;;;;;;;;;;;;;;;;;;;;;;;;;;;;;
Afghanistan;AFG;Research and development expenditure (% of GDP);GB.XPD.RSDV.GD.ZS;;;;;;;;;;;;;;;;;;;;;;;;;;;;;;;;;;;;;;;;;;;;;;;;;;;;;;;;;;;
Angola;AGO;Research and development expenditure (% of GDP);GB.XPD.RSDV.GD.ZS;;;;;;;;;;;;;;;;;;;;;;;;;;;;;;;;;;;;;;;;;;;;;;;;;;;;;;;;;;;
Albania;ALB;Research and development expenditure (% of GDP);GB.XPD.RSDV.GD.ZS;;;;;;;;;;;;;;;;;;;;;;;;;;;;;;;;;;;;;;;;;;;;;;;;0.08737;0.15412;;;;;;;;;;
Andorra;AND;Research and development expenditure (% of GDP);GB.XPD.RSDV.GD.ZS;;;;;;;;;;;;;;;;;;;;;;;;;;;;;;;;;;;;;;;;;;;;;;;;;;;;;;;;;;;
Arab World;ARB;Research and development expenditure (% of GDP);GB.XPD.RSDV.GD.ZS;;;;;;;;;;;;;;;;;;;;;;;;;;;;;;;;;;;;;;;;;;;;;;;;;;;;0.562128930108021;;;;;;;
United Arab Emirates;ARE;Research and development expenditure (% of GDP);GB.XPD.RSDV.GD.ZS;;;;;;;;;;;;;;;;;;;;;;;;;;;;;;;;;;;;;;;;;;;;;;;;;;;;0.48622;;;0.6936;0.89504;0.96366;;
Argentina;ARG;Research and development expenditure (% of GDP);GB.XPD.RSDV.GD.ZS;;;;;;;;;;;;;;;;;;;;;;;;;;;;;;;;;;;;;0.41749;0.41959;0.41131;0.45337;0.43884;0.42461;0.38886;0.41013;0.40376;0.42074;0.45216;0.46007;0.47055;0.58398;0.56104;0.56597;0.63491;0.61849;0.59278;0.61408;0.53274;;
Armenia;ARM;Research and development expenditure (% of GDP);GB.XPD.RSDV.GD.ZS;;;;;;;;;;;;;;;;;;;;;;;;;;;;;;;;;;;;;;0.18692;0.22601;0.214;0.19106;0.27987;0.25255;0.32109;0.25659;0.25761;0.24057;0.21107;0.22438;0.29093;0.24139;0.27014;0.23853;0.22216;0.24151;0.25002;0.23305;0.2277;
American Samoa;ASM;Research and development expenditure (% of GDP);GB.XPD.RSDV.GD.ZS;;;;;;;;;;;;;;;;;;;;;;;;;;;;;;;;;;;;;;;;;;;;0.1868;0.32337;0.36473;0.39313;;;;;;;;;;;;
Antigua and Barbuda;ATG;Research and development expenditure (% of GDP);GB.XPD.RSDV.GD.ZS;;;;;;;;;;;;;;;;;;;;;;;;;;;;;;;;;;;;;;;;;;;;;;;;;;;;;;;;;;;
Australia;AUS;Research and development expenditure (% of GDP);GB.XPD.RSDV.GD.ZS;;;;;;;;;;;;;;;;;;;;;;;;;;;;;;;;;;;;;16.665;;151.645;;15.763;;175.233;;185.634;;218.708;;240.692;;237.976;224.145;;218.214;;192.296;;;
Austria;AUT;Research and development expenditure (% of GDP);GB.XPD.RSDV.GD.ZS;;;;;;;;;;;;;;;;;;;;;;;;;;;;;;;;;;;;;158.077;165.491;173.155;184.537;188.602;19.921;206.598;217.456;216.612;237.324;235.923;241.843;256.945;259.674;27.261;266.868;291.472;295.492;306.921;304.771;308.695;;
Azerbaijan;AZE;Research and development expenditure (% of GDP);GB.XPD.RSDV.GD.ZS;;;;;;;;;;;;;;;;;;;;;;;;;;;;;;;;;;;;;0.23533;0.3695;0.42124;0.39289;0.336;0.34001;0.30155;0.32496;0.29831;0.21994;0.17165;0.17006;0.16554;0.24976;0.21848;0.21084;0.21427;0.20969;0.20978;0.22232;0.20637;0.18521;
Burundi;BDI;Research and development expenditure (% of GDP);GB.XPD.RSDV.GD.ZS;;;;;;;;;;;;;;;;;;;;;;;;;;;;;;;;;;;;;;;;;;;;;;;;0.2007;0.15419;0.14434;0.13755;0.12126;;;;;;;
Belgium;BEL;Research and development expenditure (% of GDP);GB.XPD.RSDV.GD.ZS;;;;;;;;;;;;;;;;;;;;;;;;;;;;;;;;;;;;;172.963;179.476;182.362;189.068;192.236;202.168;189.073;183.184;180.898;178.231;181.426;184.413;192.413;198.537;205.081;215.533;227.334;233.393;238.746;246.611;248.835;;
Benin;BEN;Research and development expenditure (% of GDP);GB.XPD.RSDV.GD.ZS;;;;;;;;;;;;;;;;;;;;;;;;;;;;;;;;;;;;;;;;;;;;;;;;;;;;;;;;;;;
Burkina Faso;BFA;Research and development expenditure (% of GDP);GB.XPD.RSDV.GD.ZS;;;;;;;;;;;;;;;;;;;;;;;;;;;;;;;;;;;;;0.15834;0.18104;;;;0.19057;0.33866;0.27119;0.24197;0.17057;;0.11062;0.18634;0.20005;;;;;0.22183;;;;
Bangladesh;BGD;Research and development expenditure (% of GDP);GB.XPD.RSDV.GD.ZS;;;;;;;;;;;;;;;;;;;;;;;;;;;;;;;;;;;;;;;;;;;;;;;;;;;;;;;;;;;
Bulgaria;BGR;Research and development expenditure (% of GDP);GB.XPD.RSDV.GD.ZS;;;;;;;;;;;;;;;;;;;;;;;;;;;;;;;;;;;;;0.50865;0.47048;0.4954;0.54214;0.49866;0.45052;0.46834;0.47587;0.47449;0.44617;0.4454;0.43024;0.44787;0.4947;0.56387;0.53191;0.60479;0.63491;0.79492;0.96019;0.78006;;
Bahrain;BHR;Research and development expenditure (% of GDP);GB.XPD.RSDV.GD.ZS;;;;;;;;;;;;;;;;;;;;;;;;;;;;;;;;;;;;;;;;;;;;;;;;;;;;;;;0.10116;;;;
Bahamas; The;Research and development expenditure (% of GDP);GB.XPD.RSDV.GD.ZS;;;;;;;;;;;;;;;;;;;;;;;;;;;;;;;;;;;;;;;;;;;;;;;;;;;;;;;;;;;
Bosnia and Herzegovina;BIH;Research and development expenditure (% of GDP);GB.XPD.RSDV.GD.ZS;;;;;;;;;;;;;;;;;;;;;;;;;;;;;;;;;;;;;;;;;;;;0.01854;0.01611;0.02696;0.01969;0.02522;0.01842;0.02106;;;0.26533;0.32132;0.25725;0.21862;0.21597;0.19951;
Belarus;BLR;Research and development expenditure (% of GDP);GB.XPD.RSDV.GD.ZS;;;;;;;;;;;;;;;;;;;;;;;;;;;;;;;;;;;;;0.99852;0.73;0.70578;0.84523;0.7221;0.70876;0.6209;0.61147;0.62759;0.67852;0.66065;0.96203;0.74147;0.64269;0.66913;0.6776;0.64603;0.65191;0.50548;0.49999;0.50063;0.58716;
Belize;BLZ;Research and development expenditure (% of GDP);GB.XPD.RSDV.GD.ZS;;;;;;;;;;;;;;;;;;;;;;;;;;;;;;;;;;;;;;;;;;;;;;;;;;;;;;;;;;;
Bermuda;BMU;Research and development expenditure (% of GDP);GB.XPD.RSDV.GD.ZS;;;;;;;;;;;;;;;;;;;;;;;;;;;;;;;;;;;;;;0.05885;;;;;;;;;;0.18397;0.19247;0.20903;0.20846;0.2979;0.269;0.22771;0.21474;0.21916;;;
Bolivia;BOL;Research and development expenditure (% of GDP);GB.XPD.RSDV.GD.ZS;;;;;;;;;;;;;;;;;;;;;;;;;;;;;;;;;;;;;0.32544;0.31577;0.29495;0.29836;0.28744;0.29358;0.27663;;;;;;;0.157;;;;;;;;;
Brazil;BRA;Research and development expenditure (% of GDP);GB.XPD.RSDV.GD.ZS;;;;;;;;;;;;;;;;;;;;;;;;;;;;;;;;;;;;;;;;;10.016;103.211;0.97747;0.99939;0.96343;100.246;0.98807;108.138;112.904;111.866;115.992;113.966;112.684;119.567;126.991;134.264;126.578;;
Barbados;BRB;Research and development expenditure (% of GDP);GB.XPD.RSDV.GD.ZS;;;;;;;;;;;;;;;;;;;;;;;;;;;;;;;;;;;;;;;;;;;;;;;;;;;;;;;;;;;
Brunei Darussalam;BRN;Research and development expenditure (% of GDP);GB.XPD.RSDV.GD.ZS;;;;;;;;;;;;;;;;;;;;;;;;;;;;;;;;;;;;;;;;;;;0.01592;0.01842;0.03701;;;;;;;;;;;;;;
Bhutan;BTN;Research and development expenditure (% of GDP);GB.XPD.RSDV.GD.ZS;;;;;;;;;;;;;;;;;;;;;;;;;;;;;;;;;;;;;;;;;;;;;;;;;;;;;;;;;;;
Botswana;BWA;Research and development expenditure (% of GDP);GB.XPD.RSDV.GD.ZS;;;;;;;;;;;;;;;;;;;;;;;;;;;;;;;;;;;;;;;;;;;;;;0.53286;;;;;;;0.25411;0.53728;;;;;
Central African Republic;CAF;Research and development expenditure (% of GDP);GB.XPD.RSDV.GD.ZS;;;;;;;;;;;;;;;;;;;;;;;;;;;;;;;;;;;;;;;;;;;;;;;;;;;;;;;;;;;
Canada;CAN;Research and development expenditure (% of GDP);GB.XPD.RSDV.GD.ZS;;;;;;;;;;;;;;;;;;;;;;;;;;;;;;;;;;;;;161.209;16.192;171.643;175.588;186.469;202.831;197.873;197.478;200.416;197.759;194.872;190.857;18.604;192.227;182.958;179.132;17.766;17.098;171.824;16.493;160.407;15.295;
Central Europe and the Baltics;CEB;Research and development expenditure (% of GDP);GB.XPD.RSDV.GD.ZS;;;;;;;;;;;;;;;;;;;;;;;;;;;;;;;;;;;;;0.72904683481548;0.750803020231745;0.733461835821445;0.73803925552412;0.745832719448277;0.75044456670641;0.739983152793473;0.729831096849896;0.734374019285784;0.735694691472591;0.752003634364582;0.756178142540547;0.782833845800275;0.828007252676537;0.875646726384241;0.959504841034736;105.842.103.823.911;106.156.954.977.144;10.897.525.844.671;114.692.816.169.029;102.683.934.544.703;;
Switzerland;CHE;Research and development expenditure (% of GDP);GB.XPD.RSDV.GD.ZS;;;;;;;;;;;;;;;;;;;;;;;;;;;;;;;;;;;;;244.857;;;;232.344;;;;267.269;;;;271.472;;;;31.873;;;33.743;;;
Channel Islands;CHI;Research and development expenditure (% of GDP);GB.XPD.RSDV.GD.ZS;;;;;;;;;;;;;;;;;;;;;;;;;;;;;;;;;;;;;;;;;;;;;;;;;;;;;;;;;;;
Chile;CHL;Research and development expenditure (% of GDP);GB.XPD.RSDV.GD.ZS;;;;;;;;;;;;;;;;;;;;;;;;;;;;;;;;;;;;;;;;;;;;;;;;0.30957;0.37497;0.35202;0.32947;0.35144;0.3622;0.3887;0.37497;0.3806;0.36244;;
China;CHN;Research and development expenditure (% of GDP);GB.XPD.RSDV.GD.ZS;;;;;;;;;;;;;;;;;;;;;;;;;;;;;;;;;;;;;0.56324;0.63873;0.64689;0.74963;0.89316;0.94033;105.786;112.037;121.498;130.792;136.854;137.298;144.469;166.211;170.994;177.539;190.582;199.021;202.114;205.643;210.826;;
Cote d'Ivoire;CIV;Research and development expenditure (% of GDP);GB.XPD.RSDV.GD.ZS;;;;;;;;;;;;;;;;;;;;;;;;;;;;;;;;;;;;;;;;;;;;;;;;;;;;;;;;;;;
Cameroon;CMR;Research and development expenditure (% of GDP);GB.XPD.RSDV.GD.ZS;;;;;;;;;;;;;;;;;;;;;;;;;;;;;;;;;;;;;;;;;;;;;;;;;;;;;;;;;;;
Congo; Dem. Rep.;Research and development expenditure (% of GDP);GB.XPD.RSDV.GD.ZS;;;;;;;;;;;;;;;;;;;;;;;;;;;;;;;;;;;;;;;;;;;;;;0.26777;0.05799;0.06044;0.13609;0.08253;0.07822;;;;;;;;
Congo; Rep.;Research and development expenditure (% of GDP);GB.XPD.RSDV.GD.ZS;;;;;;;;;;;;;;;;;;;;;;;;;;;;;;;;;;;;;;;;;;;;;;;;;;;;;;;;;;;
Colombia;COL;Research and development expenditure (% of GDP);GB.XPD.RSDV.GD.ZS;;;;;;;;;;;;;;;;;;;;;;;;;;;;;;;;;;;;;0.29923;0.27366;;;0.12999;0.13183;0.13944;0.15602;0.15353;0.14988;0.14861;0.18346;0.19976;0.19489;0.1947;0.20566;0.23458;0.27248;0.30799;0.2917;0.26955;0.24397;
Comoros;COM;Research and development expenditure (% of GDP);GB.XPD.RSDV.GD.ZS;;;;;;;;;;;;;;;;;;;;;;;;;;;;;;;;;;;;;;;;;;;;;;;;;;;;;;;;;;;
Cabo Verde;CPV;Research and development expenditure (% of GDP);GB.XPD.RSDV.GD.ZS;;;;;;;;;;;;;;;;;;;;;;;;;;;;;;;;;;;;;;;;;;;;;;;;;;;;0.07264;;;;;;;
Costa Rica;CRI;Research and development expenditure (% of GDP);GB.XPD.RSDV.GD.ZS;;;;;;;;;;;;;;;;;;;;;;;;;;;;;;;;;;;;;0.30377;0.29716;0.26656;0.36913;0.41311;;;0.36349;0.37452;;0.42906;0.35842;0.38831;0.52028;0.48492;0.46782;0.55606;0.55567;0.57209;0.48617;0.45775;;
Caribbean small states;CSS;Research and development expenditure (% of GDP);GB.XPD.RSDV.GD.ZS;;;;;;;;;;;;;;;;;;;;;;;;;;;;;;;;;;;;;;;;;;;;;;;;;;;;;;;;;;;
Cuba;CUB;Research and development expenditure (% of GDP);GB.XPD.RSDV.GD.ZS;;;;;;;;;;;;;;;;;;;;;;;;;;;;;;;;;;;;;0.34736;0.40172;0.50124;0.45832;0.47865;0.5653;0.56445;0.58243;0.60231;0.5492;0.44139;0.43615;0.50061;0.61485;0.60767;0.27192;0.40716;0.47467;0.41596;0.42854;0.34865;;
Curacao;CUW;Research and development expenditure (% of GDP);GB.XPD.RSDV.GD.ZS;;;;;;;;;;;;;;;;;;;;;;;;;;;;;;;;;;;;;;;;;;;;;;;;;;;;;;;;;;;
Cayman Islands;CYM;Research and development expenditure (% of GDP);GB.XPD.RSDV.GD.ZS;;;;;;;;;;;;;;;;;;;;;;;;;;;;;;;;;;;;;;;;;;;;;;;;;;;;;;;;;;;
Cyprus;CYP;Research and development expenditure (% of GDP);GB.XPD.RSDV.GD.ZS;;;;;;;;;;;;;;;;;;;;;;;;;;;;;;;;;;;;;;;0.20125;0.21567;0.2225;0.23314;0.27491;0.3177;0.33368;0.36197;0.37724;0.39826;0.38601;0.44442;0.44663;0.45554;0.43778;0.48218;0.50847;0.4807;0.50167;;
Czech Republic;CZE;Research and development expenditure (% of GDP);GB.XPD.RSDV.GD.ZS;;;;;;;;;;;;;;;;;;;;;;;;;;;;;;;;;;;;;0.89446;0.99439;106.528;105.452;111.319;110.333;110.202;114.741;114.559;116.835;123.173;130.228;123.933;129.438;133.688;155.571;178.231;189.973;197.285;192.923;16.783;;
Germany;DEU;Research and development expenditure (% of GDP);GB.XPD.RSDV.GD.ZS;;;;;;;;;;;;;;;;;;;;;;;;;;;;;;;;;;;;;213.716;21.788;22.123;233.383;239.166;238.558;241.543;24.566;242.079;242.253;245.604;244.633;259.712;272.644;271.367;279.562;286.813;282.105;287.289;291.695;293.949;;
Djibouti;DJI;Research and development expenditure (% of GDP);GB.XPD.RSDV.GD.ZS;;;;;;;;;;;;;;;;;;;;;;;;;;;;;;;;;;;;;;;;;;;;;;;;;;;;;;;;;;;
Dominica;DMA;Research and development expenditure (% of GDP);GB.XPD.RSDV.GD.ZS;;;;;;;;;;;;;;;;;;;;;;;;;;;;;;;;;;;;;;;;;;;;;;;;;;;;;;;;;;;
Denmark;DNK;Research and development expenditure (% of GDP);GB.XPD.RSDV.GD.ZS;;;;;;;;;;;;;;;;;;;;;;;;;;;;;;;;;;;;;180.667;188.914;200.619;212.764;;232.466;244.145;251.085;241.916;239.337;2.403;251.541;277.346;305.514;291.707;294.465;298.125;297.048;291.404;295.742;287.125;;
Dominican Republic;DOM;Research and development expenditure (% of GDP);GB.XPD.RSDV.GD.ZS;;;;;;;;;;;;;;;;;;;;;;;;;;;;;;;;;;;;;;;;;;;;;;;;;;;;;;;;;;;
Algeria;DZA;Research and development expenditure (% of GDP);GB.XPD.RSDV.GD.ZS;;;;;;;;;;;;;;;;;;;;;;;;;;;;;;;;;;;;;;;;;;0.23028;0.3664;0.19623;0.16357;0.06604;;;;;;;;;;;;0.53347;
East Asia & Pacific (excluding high income);EAP;Research and development expenditure (% of GDP);GB.XPD.RSDV.GD.ZS;;;;;;;;;;;;;;;;;;;;;;;;;;;;;;;;;;;;;0.46194132445158;0.565824485914929;0.630098358298547;0.697139223911761;0.727772133685223;0.797512535969849;0.910549681247237;100.542.579.638.844;110.505.307.955.405;117.904.619.182.542;124.766.134.307.733;124.656.254.540.381;134.336.155.058.815;140.003.374.514.681;16.812.763.067.516;161.885.985.293.868;187.474.510.470.353;171.008.968.934.428;194.051.911.248.642;195.865.821.986.003;20.560.469.554.187;;
Early-demographic dividend;EAR;Research and development expenditure (% of GDP);GB.XPD.RSDV.GD.ZS;;;;;;;;;;;;;;;;;;;;;;;;;;;;;;;;;;;;;;;;;0.610318000275512;0.628098595032307;0.649822698909637;0.619088003684974;0.631450009983708;0.6230935387466;0.64541774397076;0.668377346033756;0.698463389901188;0.63256855242195;0.74702027851963;0.75099760165383;;0.625511768382951;;;;;
East Asia & Pacific;EAS;Research and development expenditure (% of GDP);GB.XPD.RSDV.GD.ZS;;;;;;;;;;;;;;;;;;;;;;;;;;;;;;;;;;;;;221.719.669.266.599;229.541.733.780.026;225.840.626.728.937;233.151.838.288.525;226.199.302.305.697;230.939.248.589.442;227.475.681.159.774;236.089.656.931.516;234.400.993.776.617;242.948.053.281.091;242.589.747.581.195;237.685.867.064;237.339.058.637.366;226.640.341.250.116;241.600.998.620.027;235.018.932.443.903;249.935.942.304.906;229.384.847.673.667;249.173.837.241.368;238.087.872.850.324;248.911.465.271.892;;
Europe & Central Asia (excluding high income);ECA;Research and development expenditure (% of GDP);GB.XPD.RSDV.GD.ZS;;;;;;;;;;;;;;;;;;;;;;;;;;;;;;;;;;;;;0.790374899134418;0.835829670057462;0.651795491168791;0.67333336843874;0.702492504322412;0.819845409922835;0.846892042392402;0.839139290784451;0.79569366583066;0.786405790159429;0.796014922183176;0.855420096851396;0.825007666383933;0.934010072389396;0.885362599479674;0.83409117636141;0.85385262905893;0.835539397012801;0.854753411260504;0.856300927450992;0.842717755736594;;
Europe & Central Asia;ECS;Research and development expenditure (% of GDP);GB.XPD.RSDV.GD.ZS;;;;;;;;;;;;;;;;;;;;;;;;;;;;;;;;;;;;;165.561.647.041.626;163.777.442.445.984;160.837.000.768.844;170.045.562.317.247;167.558.732.642.317;172.250.857.270.758;169.629.765.932.583;172.098.360.789.115;169.822.861.385.518;165.106.801.038.208;165.865.655.730.618;16.605.367.040.688;172.486.441.063.523;181.459.262.747.268;178.036.088.233.574;178.782.834.436.738;184.132.539.866.718;180.436.023.321.228;184.365.452.243.191;192.285.704.391.409;192.395.110.778.159;;
Ecuador;ECU;Research and development expenditure (% of GDP);GB.XPD.RSDV.GD.ZS;;;;;;;;;;;;;;;;;;;;;;;;;;;;;;;;;;;;;0.07406;0.06263;0.06517;;;0.0515;0.05534;0.05735;;;0.12863;0.13194;0.22779;0.39463;0.40297;0.33991;0.33236;0.3799;0.44266;;;;
Egypt; Arab Rep.;Research and development expenditure (% of GDP);GB.XPD.RSDV.GD.ZS;;;;;;;;;;;;;;;;;;;;;;;;;;;;;;;;;;;;;;0.2126;0.19756;0.1991;0.18651;0.19247;;;;0.26994;0.24141;0.25903;0.2551;0.27024;0.43312;0.43345;0.53154;0.50899;0.63895;0.63649;0.71858;0.70848;0.60595
Euro area;EMU;Research and development expenditure (% of GDP);GB.XPD.RSDV.GD.ZS;;;;;;;;;;;;;;;;;;;;;;;;;;;;;;;;;;;;;173.967.876.808.189;171.292.967.366.125;174.249.920.934.041;176.514.562.973.992;180.586.719.375.532;179.548.061.010.713;183.663.711.615.758;180.392.368.704.557;178.208.279.312.407;177.791.472.657.866;179.999.139.598.554;180.664.391.935.654;188.980.875.136.242;198.618.205.226.353;199.408.463.839.912;204.179.969.176.804;20.978.924.703.594;210.236.740.384.977;2.138.048.314.521;213.749.703.549.498;212.606.071.380.494;;
Eritrea;ERI;Research and development expenditure (% of GDP);GB.XPD.RSDV.GD.ZS;;;;;;;;;;;;;;;;;;;;;;;;;;;;;;;;;;;;;;;;;;;;;;;;;;;;;;;;;;;
Spain;ESP;Research and development expenditure (% of GDP);GB.XPD.RSDV.GD.ZS;;;;;;;;;;;;;;;;;;;;;;;;;;;;;;;;;;;;;0.78949;0.77964;0.85102;0.84052;0.88495;0.89019;0.96005;102.219;103.849;109.577;117.217;123.448;131.706;135.134;134.961;132.508;128.788;126.859;123.535;121.963;118.549;;
Estonia;EST;Research and development expenditure (% of GDP);GB.XPD.RSDV.GD.ZS;;;;;;;;;;;;;;;;;;;;;;;;;;;;;;;;;;;;;;;0.57074;0.68063;0.60009;0.69946;0.71649;0.76777;0.85193;0.92364;111.666;106.884;125.952;139.541;158.162;230.655;212.265;172.216;145.063;148.796;128.129;;
Ethiopia;ETH;Research and development expenditure (% of GDP);GB.XPD.RSDV.GD.ZS;;;;;;;;;;;;;;;;;;;;;;;;;;;;;;;;;;;;;;;;;;;;;;0.17917;;0.17089;;;0.24137;;;0.60474;;;;;
European Union;EUU;Research and development expenditure (% of GDP);GB.XPD.RSDV.GD.ZS;;;;;;;;;;;;;;;;;;;;;;;;;;;;;;;;;;;;;168.202.808.665.938;169.974.635.186.544;16.761.060.247.224;17.589.086.240.642;172.516.438.542.176;178.454.809.866.758;175.730.838.176.128;178.438.908.845.875;174.945.999.043.307;174.184.242.317.606;176.281.993.478.681;176.628.078.875.582;183.585.532.542.858;192.871.034.192.163;192.558.058.632.179;196.869.351.637.493;200.510.555.264.943;201.786.896.583.873;203.718.496.592.205;203.882.771.546.354;203.228.184.672.709;;
Fragile and conflict affected situations;FCS;Research and development expenditure (% of GDP);GB.XPD.RSDV.GD.ZS;;;;;;;;;;;;;;;;;;;;;;;;;;;;;;;;;;;;;;;;;;;;;;;;;;;;;;;;;;;
Finland;FIN;Research and development expenditure (% of GDP);GB.XPD.RSDV.GD.ZS;;;;;;;;;;;;;;;;;;;;;;;;;;;;;;;;;;;;;245.311;262.321;278.655;305.603;324.569;319.795;32.574;330.214;331.494;332.976;333.762;334.577;354.708;374.883;372.598;363.881;341.948;328.719;316.931;289.637;274.645;;
Fiji;FJI;Research and development expenditure (% of GDP);GB.XPD.RSDV.GD.ZS;;;;;;;;;;;;;;;;;;;;;;;;;;;;;;;;;;;;;;;;;;;;;;;;;;;;;;;;;;;
France;FRA;Research and development expenditure (% of GDP);GB.XPD.RSDV.GD.ZS;;;;;;;;;;;;;;;;;;;;;;;;;;;;;;;;;;;;;22.228;214.699;209.476;210.767;209.346;213.804;217.449;211.994;209.461;205.151;205.094;202.451;206.117;221.207;217.857;219.161;222.707;223.703;227.592;226.703;224.805;;
Faroe Islands;FRO;Research and development expenditure (% of GDP);GB.XPD.RSDV.GD.ZS;;;;;;;;;;;;;;;;;;;;;;;;;;;;;;;;;;;;;;;;;;;;0.86117;;;;;;;;;;;;;;;
Micronesia; Fed. Sts.;Research and development expenditure (% of GDP);GB.XPD.RSDV.GD.ZS;;;;;;;;;;;;;;;;;;;;;;;;;;;;;;;;;;;;;;;;;;;;;;;;;;;;;;;;;;;
Gabon;GAB;Research and development expenditure (% of GDP);GB.XPD.RSDV.GD.ZS;;;;;;;;;;;;;;;;;;;;;;;;;;;;;;;;;;;;;;;;;;;;;;;;0.41633;0.5109;0.57924;;;;;;;;;
United Kingdom;GBR;Research and development expenditure (% of GDP);GB.XPD.RSDV.GD.ZS;;;;;;;;;;;;;;;;;;;;;;;;;;;;;;;;;;;;;158.755;154.564;156.211;164.432;16.268;162.331;162.964;159.374;154.555;156.386;158.552;16.268;163.064;169.094;166.861;167.454;160.252;16.476;166.568;167.445;168.847;;
Georgia;GEO;Research and development expenditure (% of GDP);GB.XPD.RSDV.GD.ZS;;;;;;;;;;;;;;;;;;;;;;;;;;;;;;;;;;;;;0.33088;0.3424;0.35384;0.28769;0.2153;0.23848;0.18574;0.2176;0.2442;0.17658;;;;;;;;0.08367;0.1849;0.31982;0.30104;;
Ghana;GHA;Research and development expenditure (% of GDP);GB.XPD.RSDV.GD.ZS;;;;;;;;;;;;;;;;;;;;;;;;;;;;;;;;;;;;;;;;;;;;;;;;0.23157;;;0.37655;;;;;;;;
Gibraltar;GIB;Research and development expenditure (% of GDP);GB.XPD.RSDV.GD.ZS;;;;;;;;;;;;;;;;;;;;;;;;;;;;;;;;;;;;;;;;;;;;;;;;;;;;;;;;;;;
Guinea;GIN;Research and development expenditure (% of GDP);GB.XPD.RSDV.GD.ZS;;;;;;;;;;;;;;;;;;;;;;;;;;;;;;;;;;;;;;;;;;;;;;;;;;;;;;;;;;;
Gambia; The;Research and development expenditure (% of GDP);GB.XPD.RSDV.GD.ZS;;;;;;;;;;;;;;;;;;;;;;;;;;;;;;;;;;;;;;;;;;;;;;;;;;0.02039;0.01748;;0.13308;;;;;;
Guinea-Bissau;GNB;Research and development expenditure (% of GDP);GB.XPD.RSDV.GD.ZS;;;;;;;;;;;;;;;;;;;;;;;;;;;;;;;;;;;;;;;;;;;;;;;;;;;;;;;;;;;
Equatorial Guinea;GNQ;Research and development expenditure (% of GDP);GB.XPD.RSDV.GD.ZS;;;;;;;;;;;;;;;;;;;;;;;;;;;;;;;;;;;;;;;;;;;;;;;;;;;;;;;;;;;
Greece;GRC;Research and development expenditure (% of GDP);GB.XPD.RSDV.GD.ZS;;;;;;;;;;;;;;;;;;;;;;;;;;;;;;;;;;;;;;0.4291;;0.56823;;0.55948;;0.54654;0.5273;0.57896;0.56118;0.57655;0.66183;0.62557;0.59838;0.67196;0.69957;0.81131;0.8333;0.96637;1.007;;
Grenada;GRD;Research and development expenditure (% of GDP);GB.XPD.RSDV.GD.ZS;;;;;;;;;;;;;;;;;;;;;;;;;;;;;;;;;;;;;;;;;;;;;;;;;;;;;;;;;;;
Greenland;GRL;Research and development expenditure (% of GDP);GB.XPD.RSDV.GD.ZS;;;;;;;;;;;;;;;;;;;;;;;;;;;;;;;;;;;;;;;;;;0.52741;0.55628;0.50804;0.64513;;;;;;;;;;;;;;
Guatemala;GTM;Research and development expenditure (% of GDP);GB.XPD.RSDV.GD.ZS;;;;;;;;;;;;;;;;;;;;;;;;;;;;;;;;;;;;;;;;;;;;;;0.035;0.0493;0.06674;0.06189;0.0553;0.0435;0.04814;0.04471;0.03854;0.02905;0.02988;;;
Guam;GUM;Research and development expenditure (% of GDP);GB.XPD.RSDV.GD.ZS;;;;;;;;;;;;;;;;;;;;;;;;;;;;;;;;;;;;;;;;;;;;0.26637;0.25597;0.25707;;;;;;;;;;;;;
Guyana;GUY;Research and development expenditure (% of GDP);GB.XPD.RSDV.GD.ZS;;;;;;;;;;;;;;;;;;;;;;;;;;;;;;;;;;;;;;;;;;;;;;;;;;;;;;;;;;;
High income;HIC;Research and development expenditure (% of GDP);GB.XPD.RSDV.GD.ZS;;;;;;;;;;;;;;;;;;;;;;;;;;;;;;;;;;;;;213.981.388.567.812;216.440.080.794.465;216.725.898.260.419;223.755.182.719.134;230.104.536.174.912;233.364.545.783.313;228.671.882.812.425;225.720.890.555.391;220.696.542.288.158;222.022.048.489.537;224.600.469.770.871;224.890.501.373.441;232.771.378.896.597;239.659.169.738.272;237.416.789.939.474;238.175.191.220.783;240.478.301.241.437;239.621.833.241.013;245.230.105.654.975;244.881.422.421.172;246.730.317.226.297;;
Hong Kong SAR; China;Research and development expenditure (% of GDP);GB.XPD.RSDV.GD.ZS;;;;;;;;;;;;;;;;;;;;;;;;;;;;;;;;;;;;;;;;0.4283;0.45767;0.46493;0.53645;0.58147;0.68027;0.72176;0.77343;0.79468;0.75161;0.71996;0.77342;0.74946;0.72086;0.72733;0.73017;0.74014;0.76183;0.79144;0.79972
Honduras;HND;Research and development expenditure (% of GDP);GB.XPD.RSDV.GD.ZS;;;;;;;;;;;;;;;;;;;;;;;;;;;;;;;;;;;;;;;;;0.04453;0.03834;0.04181;0.04215;0.04155;;;;;;;;;;;0.01497;;;
Heavily indebted poor countries (HIPC);HPC;Research and development expenditure (% of GDP);GB.XPD.RSDV.GD.ZS;;;;;;;;;;;;;;;;;;;;;;;;;;;;;;;;;;;;;;;;;;;;;;;;;;;;;;;;;;;
Croatia;HRV;Research and development expenditure (% of GDP);GB.XPD.RSDV.GD.ZS;;;;;;;;;;;;;;;;;;;;;;;;;;;;;;;;;;;;;;;;0.8404;10.441;0.91644;0.94811;0.95059;10.308;0.85558;0.74009;0.79225;0.88413;0.84425;0.74265;0.7507;0.75007;0.81117;0.78324;0.84186;0.84581;;
Haiti;HTI;Research and development expenditure (% of GDP);GB.XPD.RSDV.GD.ZS;;;;;;;;;;;;;;;;;;;;;;;;;;;;;;;;;;;;;;;;;;;;;;;;;;;;;;;;;;;
Hungary;HUN;Research and development expenditure (% of GDP);GB.XPD.RSDV.GD.ZS;;;;;;;;;;;;;;;;;;;;;;;;;;;;;;;;;;;;;0.63025;0.69905;0.65625;0.67053;0.78942;0.91189;0.98198;0.91841;0.86035;0.92094;0.98097;0.95674;0.9796;113.212;113.945;118.897;126.362;13.889;135.339;136.461;120.606;;
IBRD only;IBD;Research and development expenditure (% of GDP);GB.XPD.RSDV.GD.ZS;;;;;;;;;;;;;;;;;;;;;;;;;;;;;;;;;;;;;;;;0.589651921841205;0.64997024644655;0.682301696275825;0.731955235033567;0.774576963961972;0.8029445217501;0.834517824738379;0.86307917141188;0.893948800011312;0.93762889518202;102.198.609.832.963;10.878.345.615.892;111.000.296.978.656;123.452.008.237.667;122.485.867.178.247;135.965.947.264.476;139.244.088.723.525;156.515.379.861.992;;
IDA & IBRD total;IBT;Research and development expenditure (% of GDP);GB.XPD.RSDV.GD.ZS;;;;;;;;;;;;;;;;;;;;;;;;;;;;;;;;;;;;;;;;;0.638631835725872;0.671125115503675;0.717643457295244;0.768665108713703;0.795918227450514;0.82191776501991;0.85880798262598;0.867274328317727;0.929970564632607;100.958.557.448.045;107.693.378.148.282;109.782.972.150.139;122.950.596.248.541;120.860.879.521.841;135.105.682.881.231;136.939.000.903.351;15.551.294.726.984;;
IDA total;IDA;Research and development expenditure (% of GDP);GB.XPD.RSDV.GD.ZS;;;;;;;;;;;;;;;;;;;;;;;;;;;;;;;;;;;;;;;;;;;;;;;;;;;;;;;;;;;
IDA blend;IDB;Research and development expenditure (% of GDP);GB.XPD.RSDV.GD.ZS;;;;;;;;;;;;;;;;;;;;;;;;;;;;;;;;;;;;;;;;;;;;;;;;0.359212040245985;;;;;;;;;;;
Indonesia;IDN;Research and development expenditure (% of GDP);GB.XPD.RSDV.GD.ZS;;;;;;;;;;;;;;;;;;;;;;;;;;;;;;;;;;;;;;;;;0.06769;0.04756;;;;;;;;0.08332;;;;0.0847;;;;;
IDA only;IDX;Research and development expenditure (% of GDP);GB.XPD.RSDV.GD.ZS;;;;;;;;;;;;;;;;;;;;;;;;;;;;;;;;;;;;;;;;;;;;;;;;;;;;;;;;;;;
Isle of Man;IMN;Research and development expenditure (% of GDP);GB.XPD.RSDV.GD.ZS;;;;;;;;;;;;;;;;;;;;;;;;;;;;;;;;;;;;;;;;;;;;;;;;;;;;;;;;;;;
India;IND;Research and development expenditure (% of GDP);GB.XPD.RSDV.GD.ZS;;;;;;;;;;;;;;;;;;;;;;;;;;;;;;;;;;;;;0.64769;0.69597;0.7133;0.73392;0.76723;0.74586;0.73548;0.72901;0.76713;0.8358;0.82217;0.81554;0.8674;0.84444;0.82213;0.83125;;;;0.61992;;;
Not classified;INX;Research and development expenditure (% of GDP);GB.XPD.RSDV.GD.ZS;;;;;;;;;;;;;;;;;;;;;;;;;;;;;;;;;;;;;;;;;;;;;;;;;;;;;;;;;;;
Ireland;IRL;Research and development expenditure (% of GDP);GB.XPD.RSDV.GD.ZS;;;;;;;;;;;;;;;;;;;;;;;;;;;;;;;;;;;;;127.006;124.317;120.958;115.338;108.497;105.308;105.609;112.451;117.866;11.928;119.835;123.325;138.776;160.823;159.294;155.049;157.101;158.026;152.633;119.563;117.681;;
Iran; Islamic Rep.;Research and development expenditure (% of GDP);GB.XPD.RSDV.GD.ZS;;;;;;;;;;;;;;;;;;;;;;;;;;;;;;;;;;;;;;;;;;;0.50218;0.49558;0.59484;0.50453;0.62284;0.55921;;0.64647;0.27258;0.26442;;0.31655;0.25267;;;;
Iraq;IRQ;Research and development expenditure (% of GDP);GB.XPD.RSDV.GD.ZS;;;;;;;;;;;;;;;;;;;;;;;;;;;;;;;;;;;;;;;;;;;;;;;;0.04554;0.03435;0.04562;0.03684;0.03476;;;0.03733;0.0373;0.03631;0.0436;
Iceland;ISL;Research and development expenditure (% of GDP);GB.XPD.RSDV.GD.ZS;;;;;;;;;;;;;;;;;;;;;;;;;;;;;;;;;;;;;;180.303;196.253;22.513;26.004;287.427;285.512;273.249;;270.562;292.238;257.245;252.222;263.933;;248.344;;175.515;199.923;217.034;20.754;;
Israel;ISR;Research and development expenditure (% of GDP);GB.XPD.RSDV.GD.ZS;;;;;;;;;;;;;;;;;;;;;;;;;;;;;;;;;;;;;259.145;280.657;29.178;332.785;39.334;41.866;413.253;389.614;387.437;405.006;414.278;442.859;434.759;413.391;394.189;40.129;416.119;415.189;419.966;426.895;425.121;;
Italy;ITA;Research and development expenditure (% of GDP);GB.XPD.RSDV.GD.ZS;;;;;;;;;;;;;;;;;;;;;;;;;;;;;;;;;;;;;0.94843;0.98994;100.784;0.98337;100.546;104.491;108.482;106.198;105.312;104.709;108.696;11.327;116.367;122.126;122.311;120.984;127.087;130.768;134.301;134.072;128.566;;
Jamaica;JAM;Research and development expenditure (% of GDP);GB.XPD.RSDV.GD.ZS;;;;;;;;;;;;;;;;;;;;;;;;;;;;;;;;;;;;;;;;;;0.0491;0.06096;;;;;;;;;;;;;;;;
Jordan;JOR;Research and development expenditure (% of GDP);GB.XPD.RSDV.GD.ZS;;;;;;;;;;;;;;;;;;;;;;;;;;;;;;;;;;;;;;;;;;;0.33689;;;;;;0.4347;;;;;;;;0.33201;;
Japan;JPN;Research and development expenditure (% of GDP);GB.XPD.RSDV.GD.ZS;;;;;;;;;;;;;;;;;;;;;;;;;;;;;;;;;;;;;269.206;276.968;287.363;289.283;290.569;297.183;301.394;304.295;302.952;318.099;327.844;33.396;333.718;32.314;313.708;324.477;320.908;331.496;340.022;327.754;314.081;;
Kazakhstan;KAZ;Research and development expenditure (% of GDP);GB.XPD.RSDV.GD.ZS;;;;;;;;;;;;;;;;;;;;;;;;;;;;;;;;;;;;;;0.29337;0.22039;0.18383;0.18104;0.22009;0.25509;0.25246;0.24837;0.28361;0.24281;0.20884;0.21654;0.22924;0.15341;0.15349;0.16525;0.17132;0.16722;0.16951;0.14179;;
Kenya;KEN;Research and development expenditure (% of GDP);GB.XPD.RSDV.GD.ZS;;;;;;;;;;;;;;;;;;;;;;;;;;;;;;;;;;;;;;;;;;;;;;;;0.35521;;;0.78577;;;;;;;;
Kyrgyz Republic;KGZ;Research and development expenditure (% of GDP);GB.XPD.RSDV.GD.ZS;;;;;;;;;;;;;;;;;;;;;;;;;;;;;;;;;;;;;;0.1939;0.21064;0.17992;0.15637;0.17189;0.1981;0.22272;0.19926;0.19861;0.23014;0.23425;0.19017;0.15997;0.15547;0.15633;0.1661;0.14914;0.12536;0.11903;0.11121;0.10903;
Cambodia;KHM;Research and development expenditure (% of GDP);GB.XPD.RSDV.GD.ZS;;;;;;;;;;;;;;;;;;;;;;;;;;;;;;;;;;;;;;;;;;;0.0498;;;;;;;;;;;;;0.11823;;;
Kiribati;KIR;Research and development expenditure (% of GDP);GB.XPD.RSDV.GD.ZS;;;;;;;;;;;;;;;;;;;;;;;;;;;;;;;;;;;;;;;;;;;;;;;;;;;;;;;;;;;
St. Kitts and Nevis;KNA;Research and development expenditure (% of GDP);GB.XPD.RSDV.GD.ZS;;;;;;;;;;;;;;;;;;;;;;;;;;;;;;;;;;;;;;;;;;;;;;;;;;;;;;;;;;;
Korea; Rep.;Research and development expenditure (% of GDP);GB.XPD.RSDV.GD.ZS;;;;;;;;;;;;;;;;;;;;;;;;;;;;;;;;;;;;;;226.089;22.977;216.151;206.662;218.023;234.108;227.382;23.515;253.248;262.617;283.066;300.035;312.343;329.324;346.594;374.361;402.554;414.853;428.874;421.702;422.744;
Kuwait;KWT;Research and development expenditure (% of GDP);GB.XPD.RSDV.GD.ZS;;;;;;;;;;;;;;;;;;;;;;;;;;;;;;;;;;;;;;0.20539;0.25795;0.19764;0.12543;0.17882;0.18001;0.14347;0.1301;0.10083;0.08478;0.08585;0.0855;0.1122;0.1014;0.09898;0.09721;0.30153;0.42705;0.0966;0.07878;0.08079;
Latin America & Caribbean (excluding high income);LAC;Research and development expenditure (% of GDP);GB.XPD.RSDV.GD.ZS;;;;;;;;;;;;;;;;;;;;;;;;;;;;;;;;;;;;;;;;;0.580929734141012;0.555373054106998;0.537179407607315;0.574703640704689;0.589211220682409;0.615725532612338;0.611316466167962;0.679817488023186;0.729004831007822;0.756468032160967;0.800605825208668;0.76970146089174;0.73925303859648;0.785544875918555;0.814075340128706;0.85669638563712;0.833383327605412;;
Lao PDR;LAO;Research and development expenditure (% of GDP);GB.XPD.RSDV.GD.ZS;;;;;;;;;;;;;;;;;;;;;;;;;;;;;;;;;;;;;;;;;;;0.0371;;;;;;;;;;;;;;;;
Lebanon;LBN;Research and development expenditure (% of GDP);GB.XPD.RSDV.GD.ZS;;;;;;;;;;;;;;;;;;;;;;;;;;;;;;;;;;;;;;;;;;;;;;;;;;;;;;;;;;;
Liberia;LBR;Research and development expenditure (% of GDP);GB.XPD.RSDV.GD.ZS;;;;;;;;;;;;;;;;;;;;;;;;;;;;;;;;;;;;;;;;;;;;;;;;;;;;;;;;;;;
Libya;LBY;Research and development expenditure (% of GDP);GB.XPD.RSDV.GD.ZS;;;;;;;;;;;;;;;;;;;;;;;;;;;;;;;;;;;;;;;;;;;;;;;;;;;;;;;;;;;
St. Lucia;LCA;Research and development expenditure (% of GDP);GB.XPD.RSDV.GD.ZS;;;;;;;;;;;;;;;;;;;;;;;;;;;;;;;;;;;;;;;0.68278;0.32522;;;;;;;;;;;;;;;;;;;
Latin America & Caribbean;LCN;Research and development expenditure (% of GDP);GB.XPD.RSDV.GD.ZS;;;;;;;;;;;;;;;;;;;;;;;;;;;;;;;;;;;;;;;;;0.551820820336214;0.532868168954043;0.521435726319657;0.556144658340496;0.565934082409833;0.592301427344022;0.590029355748632;0.635274070927698;0.681489263347257;0.707468037755057;0.7478760284445;0.722743310469501;0.701152622123925;0.733297971806393;0.768272096356402;0.783483267509885;0.76047428834795;;
Least developed countries: UN classification;LDC;Research and development expenditure (% of GDP);GB.XPD.RSDV.GD.ZS;;;;;;;;;;;;;;;;;;;;;;;;;;;;;;;;;;;;;;;;;;;;;;;;;;;;;;;;;;;
Low income;LIC;Research and development expenditure (% of GDP);GB.XPD.RSDV.GD.ZS;;;;;;;;;;;;;;;;;;;;;;;;;;;;;;;;;;;;;;;;;;;;;;;;;;;;;;;;;;;
Liechtenstein;LIE;Research and development expenditure (% of GDP);GB.XPD.RSDV.GD.ZS;;;;;;;;;;;;;;;;;;;;;;;;;;;;;;;;;;;;;;;;;;;;;;;;;;;;;;;;;;;
Sri Lanka;LKA;Research and development expenditure (% of GDP);GB.XPD.RSDV.GD.ZS;;;;;;;;;;;;;;;;;;;;;;;;;;;;;;;;;;;;;0.18356;;;;0.14392;;;;0.1821;;0.1742;;0.11444;;0.13687;;;0.10081;0.09989;0.10871;;;
Lower middle income;LMC;Research and development expenditure (% of GDP);GB.XPD.RSDV.GD.ZS;;;;;;;;;;;;;;;;;;;;;;;;;;;;;;;;;;;;;;;;;0.491055784582433;;;;;;;0.619536989341945;;0.565655000006986;;;;;;;;;
Low & middle income;LMY;Research and development expenditure (% of GDP);GB.XPD.RSDV.GD.ZS;;;;;;;;;;;;;;;;;;;;;;;;;;;;;;;;;;;;;;;;;0.651839504509782;0.686884939625543;0.731439567655423;0.785974841412573;0.814962779098541;0.842506451378037;0.881935111714019;0.897380806519555;0.962897262570585;103.991.114.595.619;111.341.078.721.724;113.323.837.995.434;127.237.337.606.664;124.557.968.297.397;139.422.405.619.745;140.977.074.125.667;162.054.030.160.941;;
Lesotho;LSO;Research and development expenditure (% of GDP);GB.XPD.RSDV.GD.ZS;;;;;;;;;;;;;;;;;;;;;;;;;;;;;;;;;;;;;;;;;;;0.04185;0.04295;0.05532;;;;;0.02715;;0.01161;;;;0.04804;;;
Late-demographic dividend;LTE;Research and development expenditure (% of GDP);GB.XPD.RSDV.GD.ZS;;;;;;;;;;;;;;;;;;;;;;;;;;;;;;;;;;;;;;;;;0.815458598764603;0.86985839824716;0.893987517182713;0.954350836186581;0.963960782425993;102.197.435.149.645;102.850.549.214.787;106.049.946.555.539;109.744.028.138.521;127.376.929.039.286;131.792.795.278.461;12.940.695.749.064;142.994.743.991.347;147.570.546.110.164;153.820.772.614.692;161.343.042.051.318;169.248.936.039.091;;
Lithuania;LTU;Research and development expenditure (% of GDP);GB.XPD.RSDV.GD.ZS;;;;;;;;;;;;;;;;;;;;;;;;;;;;;;;;;;;;;0.49155;0.53658;0.54377;0.502;0.5848;0.66679;0.6567;0.66339;0.75066;0.74741;0.79119;0.80093;0.78844;0.82967;0.78348;0.9039;0.89469;0.95088;103.048;104.116;0.84724;;
Luxembourg;LUX;Research and development expenditure (% of GDP);GB.XPD.RSDV.GD.ZS;;;;;;;;;;;;;;;;;;;;;;;;;;;;;;;;;;;;;;;;;157.673;;;162.595;160.262;157.171;166.674;159.123;162.293;16.775;150.257;146.277;127.267;130.266;125.978;127.116;124.366;;
Latvia;LVA;Research and development expenditure (% of GDP);GB.XPD.RSDV.GD.ZS;;;;;;;;;;;;;;;;;;;;;;;;;;;;;;;;;;;;;0.39723;0.3664;0.37876;0.35186;0.43598;0.40321;0.40888;0.36002;0.40013;0.52959;0.65063;0.55379;0.58139;0.45271;0.61078;0.69662;0.66424;0.6122;0.6893;0.62623;0.44292;;
Macao SAR; China;Research and development expenditure (% of GDP);GB.XPD.RSDV.GD.ZS;;;;;;;;;;;;;;;;;;;;;;;;;;;;;;;;;;;;;;;;;;;0.06268;0.07004;0.06283;0.05373;0.08809;0.08337;0.05715;0.10159;0.05436;0.05033;0.04444;0.04807;0.05115;0.08705;0.13554;0.23367;0.17218
St. Martin (French part);MAF;Research and development expenditure (% of GDP);GB.XPD.RSDV.GD.ZS;;;;;;;;;;;;;;;;;;;;;;;;;;;;;;;;;;;;;;;;;;;;;;;;;;;;;;;;;;;
Morocco;MAR;Research and development expenditure (% of GDP);GB.XPD.RSDV.GD.ZS;;;;;;;;;;;;;;;;;;;;;;;;;;;;;;;;;;;;;;;0.27341;;;0.60682;0.52586;0.63071;;;0.60789;;;;0.71454;;;;;;;;
Monaco;MCO;Research and development expenditure (% of GDP);GB.XPD.RSDV.GD.ZS;;;;;;;;;;;;;;;;;;;;;;;;;;;;;;;;;;;;;;;;;;;;;0.03719;0.03752;;;;;;;;;;;;;
Moldova;MDA;Research and development expenditure (% of GDP);GB.XPD.RSDV.GD.ZS;;;;;;;;;;;;;;;;;;;;;;;;;;;;;;;;;;;;;0.87295;0.80679;;;;;;0.32405;0.34903;0.39865;0.40622;0.54558;0.53463;0.52557;0.43987;0.40499;0.41733;0.35419;0.37055;0.36797;0.32888;0.30186;
Madagascar;MDG;Research and development expenditure (% of GDP);GB.XPD.RSDV.GD.ZS;;;;;;;;;;;;;;;;;;;;;;;;;;;;;;;;;;;;;;0.22032;0.11044;0.096;0.11976;0.21821;0.24552;0.33841;0.22353;0.17552;0.16371;0.14037;0.13404;0.14683;0.11324;0.10588;;;0.0155;;0.01498;0.0146;
Maldives;MDV;Research and development expenditure (% of GDP);GB.XPD.RSDV.GD.ZS;;;;;;;;;;;;;;;;;;;;;;;;;;;;;;;;;;;;;;;;;;;;;;;;;;;;;;;;;;;
Middle East & North Africa;MEA;Research and development expenditure (% of GDP);GB.XPD.RSDV.GD.ZS;;;;;;;;;;;;;;;;;;;;;;;;;;;;;;;;;;;;;;;;;;;;;;;;;;;0.924239417512771;;0.934634117229369;;;;;;
Mexico;MEX;Research and development expenditure (% of GDP);GB.XPD.RSDV.GD.ZS;;;;;;;;;;;;;;;;;;;;;;;;;;;;;;;;;;;;;0.25067;0.2762;0.30196;0.3441;0.30613;0.32418;0.36667;0.38038;0.38816;0.39844;0.36922;0.42606;0.47073;0.51677;0.53299;0.51144;0.48684;0.49855;0.53044;0.52419;0.4865;;
Marshall Islands;MHL;Research and development expenditure (% of GDP);GB.XPD.RSDV.GD.ZS;;;;;;;;;;;;;;;;;;;;;;;;;;;;;;;;;;;;;;;;;;;;;;;;;;;;;;;;;;;
Middle income;MIC;Research and development expenditure (% of GDP);GB.XPD.RSDV.GD.ZS;;;;;;;;;;;;;;;;;;;;;;;;;;;;;;;;;;;;;;;;;0.652294042645272;0.687756839521519;0.733037983054532;0.78761515372266;0.817509763097778;0.84647475059715;0.884824814411479;0.902894647562198;0.968372649323824;10.441.285.544.744;11.203.900.395.121;113.422.483.698.949;127.304.747.064.664;124.886.856.714.359;139.793.885.663.447;141.213.117.826.816;162.277.140.619.899;;
North Macedonia;MKD;Research and development expenditure (% of GDP);GB.XPD.RSDV.GD.ZS;;;;;;;;;;;;;;;;;;;;;;;;;;;;;;;;;;;;;;0.37773;0.4296;0.3451;0.41888;0.2931;0.24461;0.21064;0.23237;0.22825;0.19373;0.17093;0.22358;0.19679;0.21634;0.22276;0.32676;0.43894;0.51646;0.44468;0.43287;0.35343;
Mali;MLI;Research and development expenditure (% of GDP);GB.XPD.RSDV.GD.ZS;;;;;;;;;;;;;;;;;;;;;;;;;;;;;;;;;;;;;;;;;;;;;;;;0.21855;;;0.5836;;;;;0.31461;;0.29274;
Malta;MLT;Research and development expenditure (% of GDP);GB.XPD.RSDV.GD.ZS;;;;;;;;;;;;;;;;;;;;;;;;;;;;;;;;;;;;;;;;;;;0.2385;0.23707;0.49256;0.52996;0.58025;0.5485;0.53331;0.5174;0.60667;0.67331;0.82639;0.77284;0.71499;0.74981;0.59697;;
Myanmar;MMR;Research and development expenditure (% of GDP);GB.XPD.RSDV.GD.ZS;;;;;;;;;;;;;;;;;;;;;;;;;;;;;;;;;;;;;;0.05985;0.03417;0.04406;0.11306;0.07144;0.16216;;;;;;;;;;;;;;;;
Middle East & North Africa (excluding high income);MNA;Research and development expenditure (% of GDP);GB.XPD.RSDV.GD.ZS;;;;;;;;;;;;;;;;;;;;;;;;;;;;;;;;;;;;;;;;;;;;;;;;;;0.304916368866676;0.332391231710106;;;;;;;;
Montenegro;MNE;Research and development expenditure (% of GDP);GB.XPD.RSDV.GD.ZS;;;;;;;;;;;;;;;;;;;;;;;;;;;;;;;;;;;;;;;;;;;;0.79772;101.874;0.92443;122.991;114.521;;;;0.31485;;0.37431;0.3632;0.374;;;
Mongolia;MNG;Research and development expenditure (% of GDP);GB.XPD.RSDV.GD.ZS;;;;;;;;;;;;;;;;;;;;;;;;;;;;;;;;;;;;;;0.16786;0.16643;0.15016;0.18757;0.26749;0.25173;0.2518;0.26777;0.23776;0.19121;0.23827;0.33667;0.30478;0.24438;0.23054;0.23913;0.23246;0.2234;0.15468;0.18342;0.13412;
Northern Mariana Islands;MNP;Research and development expenditure (% of GDP);GB.XPD.RSDV.GD.ZS;;;;;;;;;;;;;;;;;;;;;;;;;;;;;;;;;;;;;;;;;;;;;;;;;;;;;;;;;;;
Mozambique;MOZ;Research and development expenditure (% of GDP);GB.XPD.RSDV.GD.ZS;;;;;;;;;;;;;;;;;;;;;;;;;;;;;;;;;;;;;;;;;;;0.42101;;;;0.45501;;0.15294;;0.42252;;;;;0.33751;;;
Mauritania;MRT;Research and development expenditure (% of GDP);GB.XPD.RSDV.GD.ZS;;;;;;;;;;;;;;;;;;;;;;;;;;;;;;;;;;;;;;;;;;;;;;;;;;;;;;;;;;;
Mauritius;MUS;Research and development expenditure (% of GDP);GB.XPD.RSDV.GD.ZS;;;;;;;;;;;;;;;;;;;;;;;;;;;;;;;;;;;;;;0.27899;0.26178;0.31388;0.28903;0.36873;0.37377;0.33806;0.37932;0.37229;;;;;;;0.17773;;;;;;
Malawi;MWI;Research and development expenditure (% of GDP);GB.XPD.RSDV.GD.ZS;;;;;;;;;;;;;;;;;;;;;;;;;;;;;;;;;;;;;;;;;;;;;;;;;;;;;;;;;;;
Malaysia;MYS;Research and development expenditure (% of GDP);GB.XPD.RSDV.GD.ZS;;;;;;;;;;;;;;;;;;;;;;;;;;;;;;;;;;;;;0.21645;;0.39789;;0.46899;;0.65254;;0.5999;;0.61106;;0.78847;101.001;103.608;103.342;109.269;;126.275;130.069;;;
North America;NAC;Research and development expenditure (% of GDP);GB.XPD.RSDV.GD.ZS;;;;;;;;;;;;;;;;;;;;;;;;;;;;;;;;;;;;;238.207.216.089.874;241.012.897.223.546;244.603.325.402.384;249.034.003.938.125;256.962.223.405.109;259.877.157.869.182;251.280.443.078.963;251.127.728.825.703;245.257.191.672.911;246.266.916.157.314;249.788.478.472.292;256.003.175.421.231;267.957.895.001.228;273.982.526.779.017;265.110.992.932.932;266.792.361.509.638;259.555.470.946.059;262.373.344.804.624;263.935.298.432.989;265.475.235.748.986;265.814.248.878.757;;
Namibia;NAM;Research and development expenditure (% of GDP);GB.XPD.RSDV.GD.ZS;;;;;;;;;;;;;;;;;;;;;;;;;;;;;;;;;;;;;;;;;;;;;;;;;;;0.14165;;;;0.33996;;;;
New Caledonia;NCL;Research and development expenditure (% of GDP);GB.XPD.RSDV.GD.ZS;;;;;;;;;;;;;;;;;;;;;;;;;;;;;;;;;;;;;;;;;;;;;;;;;;;;;;;;;;;
Niger;NER;Research and development expenditure (% of GDP);GB.XPD.RSDV.GD.ZS;;;;;;;;;;;;;;;;;;;;;;;;;;;;;;;;;;;;;;;;;;;;;;;;;;;;;;;;;;;
Nigeria;NGA;Research and development expenditure (% of GDP);GB.XPD.RSDV.GD.ZS;;;;;;;;;;;;;;;;;;;;;;;;;;;;;;;;;;;;;;;;;;;;;;;;0.21896;;;;;;;;;;;
Nicaragua;NIC;Research and development expenditure (% of GDP);GB.XPD.RSDV.GD.ZS;;;;;;;;;;;;;;;;;;;;;;;;;;;;;;;;;;;;;;0.0651;;;;;0.03493;;;;;;;;;0.08344;0.10449;0.10284;0.08935;0.10866;;;
Netherlands;NLD;Research and development expenditure (% of GDP);GB.XPD.RSDV.GD.ZS;;;;;;;;;;;;;;;;;;;;;;;;;;;;;;;;;;;;;18.607;186.542;176.435;184.313;180.556;181.562;176.885;180.551;180.727;179.103;17.567;168.634;164.309;16.854;172.475;190.306;193.945;195.267;200.116;20.039;203.247;;
Norway;NOR;Research and development expenditure (% of GDP);GB.XPD.RSDV.GD.ZS;;;;;;;;;;;;;;;;;;;;;;;;;;;;;;;;;;;;;;159.352;;160.533;;156.231;163.058;168.036;154.506;148.317;145.598;156.401;155.346;172.279;164.855;162.534;161.858;165.004;171.187;193.095;203.222;;
Nepal;NPL;Research and development expenditure (% of GDP);GB.XPD.RSDV.GD.ZS;;;;;;;;;;;;;;;;;;;;;;;;;;;;;;;;;;;;;;;;;;;;;;;;;0.05439;0.25924;0.3022;;;;;;;;
Nauru;NRU;Research and development expenditure (% of GDP);GB.XPD.RSDV.GD.ZS;;;;;;;;;;;;;;;;;;;;;;;;;;;;;;;;;;;;;;;;;;;;;;;;;;;;;;;;;;;
New Zealand;NZL;Research and development expenditure (% of GDP);GB.XPD.RSDV.GD.ZS;;;;;;;;;;;;;;;;;;;;;;;;;;;;;;;;;;;;;;10.565;;0.96387;;110.029;;114.891;;112.045;;115.657;;12.525;;1.231;;115.412;;126.264;;;
OECD members;OED;Research and development expenditure (% of GDP);GB.XPD.RSDV.GD.ZS;;;;;;;;;;;;;;;;;;;;;;;;;;;;;;;;;;;;;212.106.093.266.833;214.249.248.108.457;214.808.284.597.438;221.632.677.529.676;227.081.655.713.197;230.167.982.778.319;224.467.113.145.425;223.612.883.247.033;218.832.948.275.059;220.127.897.864.514;222.741.122.945.453;223.334.877.943.377;231.847.497.200.672;239.912.000.909.035;236.393.217.630.223;239.405.584.331.722;241.417.861.963.846;239.922.609.003.127;243.815.463.278.002;244.715.628.478.448;248.591.336.935.997;;
Oman;OMN;Research and development expenditure (% of GDP);GB.XPD.RSDV.GD.ZS;;;;;;;;;;;;;;;;;;;;;;;;;;;;;;;;;;;;;;;;;;;;;;;;;;;;0.13645;0.20837;0.16923;0.21253;0.24978;0.25511;0.22178;
Other small states;OSS;Research and development expenditure (% of GDP);GB.XPD.RSDV.GD.ZS;;;;;;;;;;;;;;;;;;;;;;;;;;;;;;;;;;;;;;;;;;;;;;;;;;;;;;;;;;;
Pakistan;PAK;Research and development expenditure (% of GDP);GB.XPD.RSDV.GD.ZS;;;;;;;;;;;;;;;;;;;;;;;;;;;;;;;;;;;;;;0.15565;0.10919;0.1159;0.12828;0.1667;0.21977;;;0.43689;;0.6325;;0.44806;;0.32917;;0.29285;;0.24605;;;
Panama;PAN;Research and development expenditure (% of GDP);GB.XPD.RSDV.GD.ZS;;;;;;;;;;;;;;;;;;;;;;;;;;;;;;;;;;;;;0.3101;0.29911;0.26922;0.27205;0.36264;0.36074;0.3422;0.32109;0.22646;0.23183;0.23537;0.18172;0.19065;0.1321;0.14453;0.17304;0.07534;0.06206;;;;;
Peru;PER;Research and development expenditure (% of GDP);GB.XPD.RSDV.GD.ZS;;;;;;;;;;;;;;;;;;;;;;;;;;;;;;;;;;;;;;0.0836;0.10072;0.09849;0.11266;0.11096;0.10614;0.10813;0.15578;;;;;;;0.08282;0.0553;0.08172;0.10789;0.11695;0.12024;0.12062;
Philippines;PHL;Research and development expenditure (% of GDP);GB.XPD.RSDV.GD.ZS;;;;;;;;;;;;;;;;;;;;;;;;;;;;;;;;;;;;;;;;;;;0.13744;0.12994;;0.11143;;0.10963;;0.11396;;0.11726;;0.13793;;;;;
Palau;PLW;Research and development expenditure (% of GDP);GB.XPD.RSDV.GD.ZS;;;;;;;;;;;;;;;;;;;;;;;;;;;;;;;;;;;;;;;;;;;;;;;;;;;;;;;;;;;
Papua New Guinea;PNG;Research and development expenditure (% of GDP);GB.XPD.RSDV.GD.ZS;;;;;;;;;;;;;;;;;;;;;;;;;;;;;;;;;;;;;;;;;;;;;;;;;;;;;;;;;0.03294;;
Poland;POL;Research and development expenditure (% of GDP);GB.XPD.RSDV.GD.ZS;;;;;;;;;;;;;;;;;;;;;;;;;;;;;;;;;;;;;0.64037;0.64412;0.66083;0.6818;0.64202;0.62284;0.55785;0.53884;0.55251;0.56281;0.55082;0.56189;0.59921;0.66097;0.7207;0.74588;0.88086;0.87053;0.94014;100.371;0.96538;;
Pre-demographic dividend;PRE;Research and development expenditure (% of GDP);GB.XPD.RSDV.GD.ZS;;;;;;;;;;;;;;;;;;;;;;;;;;;;;;;;;;;;;;;;;;;;;;;;;;;;;;;;;;;
Puerto Rico;PRI;Research and development expenditure (% of GDP);GB.XPD.RSDV.GD.ZS;;;;;;;;;;;;;;;;;;;;;;;;;;;;;;;;;;;;;;;;;;;;;;;;;;0.45131;;;;0.43859;;0.42979;;;
Korea; Dem. People’s Rep.;Research and development expenditure (% of GDP);GB.XPD.RSDV.GD.ZS;;;;;;;;;;;;;;;;;;;;;;;;;;;;;;;;;;;;;;;;;;;;;;;;;;;;;;;;;;;
Portugal;PRT;Research and development expenditure (% of GDP);GB.XPD.RSDV.GD.ZS;;;;;;;;;;;;;;;;;;;;;;;;;;;;;;;;;;;;;0.5495;0.5636;0.62468;0.681;0.72127;0.76452;0.72144;0.69759;0.72871;0.75707;0.95455;112.427;14.452;157.973;153.257;145.683;137.777;132.641;128.973;124.263;126.565;;
Paraguay;PRY;Research and development expenditure (% of GDP);GB.XPD.RSDV.GD.ZS;;;;;;;;;;;;;;;;;;;;;;;;;;;;;;;;;;;;;;;;;;0.07427;0.08525;0.07163;0.07266;0.07487;;;0.05472;;;0.05671;0.08816;;0.10331;0.1284;0.15366;;
West Bank and Gaza;PSE;Research and development expenditure (% of GDP);GB.XPD.RSDV.GD.ZS;;;;;;;;;;;;;;;;;;;;;;;;;;;;;;;;;;;;;;;;;;;;;;;;0.20833;0.16338;0.39655;0.39273;;;0.4922;;;;;
Pacific island small states;PSS;Research and development expenditure (% of GDP);GB.XPD.RSDV.GD.ZS;;;;;;;;;;;;;;;;;;;;;;;;;;;;;;;;;;;;;;;;;;;;;;;;;;;;;;;;;;;
Post-demographic dividend;PST;Research and development expenditure (% of GDP);GB.XPD.RSDV.GD.ZS;;;;;;;;;;;;;;;;;;;;;;;;;;;;;;;;;;;;;217.141.088.113.822;219.873.366.619.752;220.406.846.648.746;227.175.345.555.843;233.403.328.038.023;236.531.795.581.445;230.877.202.564.207;229.716.687.642.725;224.875.126.818.418;226.907.750.763.826;229.870.550.240.587;231.397.288.302.774;240.152.241.876.979;247.112.659.022.526;244.188.834.698.715;247.459.833.769.307;249.393.790.530.288;248.033.258.784.502;252.253.331.521.013;252.670.307.846.796;253.529.688.285.222;;
French Polynesia;PYF;Research and development expenditure (% of GDP);GB.XPD.RSDV.GD.ZS;;;;;;;;;;;;;;;;;;;;;;;;;;;;;;;;;;;;;;;;;;;;;;;;;;;;;;;;;;;
Qatar;QAT;Research and development expenditure (% of GDP);GB.XPD.RSDV.GD.ZS;;;;;;;;;;;;;;;;;;;;;;;;;;;;;;;;;;;;;;;;;;;;;;;;;;;;;0.4786;;;0.50969;;;
Romania;ROU;Research and development expenditure (% of GDP);GB.XPD.RSDV.GD.ZS;;;;;;;;;;;;;;;;;;;;;;;;;;;;;;;;;;;;;0.67026;0.57028;0.49208;0.39579;0.36445;0.3882;0.37633;0.38341;0.38307;0.40747;0.45123;0.50756;0.55398;0.44779;0.45569;0.49582;0.48251;0.38666;0.3825;0.48788;0.48209;;
Russian Federation;RUS;Research and development expenditure (% of GDP);GB.XPD.RSDV.GD.ZS;;;;;;;;;;;;;;;;;;;;;;;;;;;;;;;;;;;;;0.96593;104.374;0.95384;0.99624;104.984;117.694;124.782;128.603;115.133;106.797;107.294;111.611;104.435;125.192;11.302;101.261;102.675;102.524;107.011;109.689;109.557;;
Rwanda;RWA;Research and development expenditure (% of GDP);GB.XPD.RSDV.GD.ZS;;;;;;;;;;;;;;;;;;;;;;;;;;;;;;;;;;;;;;;;;;;;;;;;;;;;;;;;;;;
South Asia;SAS;Research and development expenditure (% of GDP);GB.XPD.RSDV.GD.ZS;;;;;;;;;;;;;;;;;;;;;;;;;;;;;;;;;;;;;0.631833461818119;0.625441282071559;0.635601123219591;0.659332938581246;0.664431938099916;0.670774655405529;0.671981180571449;0.72901;0.750566538233242;0.788824792019139;0.803250309316602;0.795167309348824;0.834771892989859;0.795733319069902;0.795137511293939;0.778595574857682;;;;0.561926906620695;;;
Saudi Arabia;SAU;Research and development expenditure (% of GDP);GB.XPD.RSDV.GD.ZS;;;;;;;;;;;;;;;;;;;;;;;;;;;;;;;;;;;;;;;;;;;;0.06233;0.05315;0.0423;0.04245;0.04521;0.04902;0.07338;0.884;0.89784;0.87684;0.81516;;;;;
Sudan;SDN;Research and development expenditure (% of GDP);GB.XPD.RSDV.GD.ZS;;;;;;;;;;;;;;;;;;;;;;;;;;;;;;;;;;;;;;;;0.53007;0.47277;0.44686;0.39509;0.33982;0.29586;0.29844;;;;;;;;;;;;;
Senegal;SEN;Research and development expenditure (% of GDP);GB.XPD.RSDV.GD.ZS;;;;;;;;;;;;;;;;;;;;;;;;;;;;;;;;;;;;;;;;;;;;;;;;;0.36834;;0.54114;;;;;0.75183;;;
Singapore;SGP;Research and development expenditure (% of GDP);GB.XPD.RSDV.GD.ZS;;;;;;;;;;;;;;;;;;;;;;;;;;;;;;;;;;;;;131.843;141.508;173.749;181.628;182.155;202.076;206.807;202.636;210.459;216.067;213.328;233.699;262.081;215.925;201.297;214.585;19.944;198.597;215.996;;;;
Solomon Islands;SLB;Research and development expenditure (% of GDP);GB.XPD.RSDV.GD.ZS;;;;;;;;;;;;;;;;;;;;;;;;;;;;;;;;;;;;;;;;;;;;;;;;;;;;;;;;;;;
Sierra Leone;SLE;Research and development expenditure (% of GDP);GB.XPD.RSDV.GD.ZS;;;;;;;;;;;;;;;;;;;;;;;;;;;;;;;;;;;;;;;;;;;;;;;;;;;;;;;;;;;
El Salvador;SLV;Research and development expenditure (% of GDP);GB.XPD.RSDV.GD.ZS;;;;;;;;;;;;;;;;;;;;;;;;;;;;;;;;;;;;;;;0.08818;;;;;;;;;0.1056;0.13399;0.0909;0.07806;0.0355;0.03397;0.06391;0.09381;0.14517;0.14662;;
San Marino;SMR;Research and development expenditure (% of GDP);GB.XPD.RSDV.GD.ZS;;;;;;;;;;;;;;;;;;;;;;;;;;;;;;;;;;;;;;;;;;;;;;;;;;;;;;;;;;;
Somalia;SOM;Research and development expenditure (% of GDP);GB.XPD.RSDV.GD.ZS;;;;;;;;;;;;;;;;;;;;;;;;;;;;;;;;;;;;;;;;;;;;;;;;;;;;;;;;;;;
Serbia;SRB;Research and development expenditure (% of GDP);GB.XPD.RSDV.GD.ZS;;;;;;;;;;;;;;;;;;;;;;;;;;;;;;;;;;;;;;0.75404;0.80135;0.99719;0.89807;0.32119;0.67954;0.52138;0.30444;0.41685;0.46678;0.62017;0.70955;0.86613;0.74427;0.72439;0.90691;0.72684;0.76972;0.86536;0.89059;0.93022;
Sub-Saharan Africa (excluding high income);SSA;Research and development expenditure (% of GDP);GB.XPD.RSDV.GD.ZS;;;;;;;;;;;;;;;;;;;;;;;;;;;;;;;;;;;;;;;;;;;;;;;;0.499239247853089;;;;;;;;;;;
South Sudan;SSD;Research and development expenditure (% of GDP);GB.XPD.RSDV.GD.ZS;;;;;;;;;;;;;;;;;;;;;;;;;;;;;;;;;;;;;;;;;;;;;;;;;;;;;;;;;;;
Sub-Saharan Africa;SSF;Research and development expenditure (% of GDP);GB.XPD.RSDV.GD.ZS;;;;;;;;;;;;;;;;;;;;;;;;;;;;;;;;;;;;;;;;;;;;;;;;0.499239247853089;;;;;;;;;;;
Small states;SST;Research and development expenditure (% of GDP);GB.XPD.RSDV.GD.ZS;;;;;;;;;;;;;;;;;;;;;;;;;;;;;;;;;;;;;;;;;;;;;;;;;;;;;;;;;;;
Sao Tome and Principe;STP;Research and development expenditure (% of GDP);GB.XPD.RSDV.GD.ZS;;;;;;;;;;;;;;;;;;;;;;;;;;;;;;;;;;;;;;;;;;;;;;;;;;;;;;;;;;;
Suriname;SUR;Research and development expenditure (% of GDP);GB.XPD.RSDV.GD.ZS;;;;;;;;;;;;;;;;;;;;;;;;;;;;;;;;;;;;;;;;;;;;;;;;;;;;;;;;;;;
Slovak Republic;SVK;Research and development expenditure (% of GDP);GB.XPD.RSDV.GD.ZS;;;;;;;;;;;;;;;;;;;;;;;;;;;;;;;;;;;;;0.89292;105.283;0.76611;0.64556;0.63927;0.62565;0.56389;0.56247;0.50149;0.49401;0.47563;0.44824;0.46204;0.47326;0.61614;0.66326;0.80495;0.82362;0.88008;11.753;0.78965;;
Slovenia;SVN;Research and development expenditure (% of GDP);GB.XPD.RSDV.GD.ZS;;;;;;;;;;;;;;;;;;;;;;;;;;;;;;;;;;;;;126.633;124.727;130.637;133.814;13.563;146.773;143.874;124.528;136.806;141.229;153.291;142.382;162.564;181.629;205.763;242.358;257.319;25.801;23.667;219.655;200.202;;
Sweden;SWE;Research and development expenditure (% of GDP);GB.XPD.RSDV.GD.ZS;;;;;;;;;;;;;;;;;;;;;;;;;;;;;;;;;;;;;;331.935;;342.157;;391.382;;361.438;339.134;3.387;350.032;325.661;349.525;344.965;321.611;324.919;328.134;330.605;314.587;326.549;32.549;;
Eswatini;SWZ;Research and development expenditure (% of GDP);GB.XPD.RSDV.GD.ZS;;;;;;;;;;;;;;;;;;;;;;;;;;;;;;;;;;;;;;;;;;;;;;;;;;;;;;;;0.27013;;;
Sint Maarten (Dutch part);SXM;Research and development expenditure (% of GDP);GB.XPD.RSDV.GD.ZS;;;;;;;;;;;;;;;;;;;;;;;;;;;;;;;;;;;;;;;;;;;;;;;;;;;;;;;;;;;
Seychelles;SYC;Research and development expenditure (% of GDP);GB.XPD.RSDV.GD.ZS;;;;;;;;;;;;;;;;;;;;;;;;;;;;;;;;;;;;;;;;;;0.42525;0.40707;0.41183;0.34658;0.30209;;;;;;;;;;;0.22162;;
Syrian Arab Republic;SYR;Research and development expenditure (% of GDP);GB.XPD.RSDV.GD.ZS;;;;;;;;;;;;;;;;;;;;;;;;;;;;;;;;;;;;;;;;;;;;;;;;;;;;;;;;0.01248;;;
Turks and Caicos Islands;TCA;Research and development expenditure (% of GDP);GB.XPD.RSDV.GD.ZS;;;;;;;;;;;;;;;;;;;;;;;;;;;;;;;;;;;;;;;;;;;;;;;;;;;;;;;;;;;
Chad;TCD;Research and development expenditure (% of GDP);GB.XPD.RSDV.GD.ZS;;;;;;;;;;;;;;;;;;;;;;;;;;;;;;;;;;;;;;;;;;;;;;;;;;;;;;;;;0.32217;;
East Asia & Pacific (IDA & IBRD countries);TEA;Research and development expenditure (% of GDP);GB.XPD.RSDV.GD.ZS;;;;;;;;;;;;;;;;;;;;;;;;;;;;;;;;;;;;;0.46194132445158;0.565824485914929;0.630098358298547;0.697139223911761;0.727772133685223;0.797512535969849;0.910549681247237;100.565.308.795.941;11.052.305.627.141;117.920.489.782.198;124.779.632.657.513;124.656.254.540.381;134.336.155.058.815;140.003.374.514.681;16.812.763.067.516;161.885.985.293.868;187.474.510.470.353;171.008.968.934.428;194.051.911.248.642;195.865.821.986.003;20.560.469.554.187;;
Europe & Central Asia (IDA & IBRD countries);TEC;Research and development expenditure (% of GDP);GB.XPD.RSDV.GD.ZS;;;;;;;;;;;;;;;;;;;;;;;;;;;;;;;;;;;;;0.760500940802157;0.802967310136576;0.653563918690974;0.680115678994372;0.69911378565976;0.78015433300748;0.792082552850682;0.78957151097603;0.763128702271652;0.75394879130809;0.760034327219252;0.81400876367588;0.794931425904121;0.892778547104749;0.860810641780086;0.822137326633875;0.855537138658666;0.839040688653344;0.864057838919671;0.875943984072465;0.865546333364748;;
Togo;TGO;Research and development expenditure (% of GDP);GB.XPD.RSDV.GD.ZS;;;;;;;;;;;;;;;;;;;;;;;;;;;;;;;;;;;;;;;;;;;;;;;;;;;0.25349;;0.22364;;0.27166;;;;
Thailand;THA;Research and development expenditure (% of GDP);GB.XPD.RSDV.GD.ZS;;;;;;;;;;;;;;;;;;;;;;;;;;;;;;;;;;;;;0.11918;0.10214;;0.24836;0.24471;0.25231;0.23055;0.24534;0.23829;0.21889;0.23271;0.2008;0.20331;0.23455;;0.36146;;0.44164;0.47988;0.61593;0.78133;;
Tajikistan;TJK;Research and development expenditure (% of GDP);GB.XPD.RSDV.GD.ZS;;;;;;;;;;;;;;;;;;;;;;;;;;;;;;;;;;;;;;;;;;0.08953;0.07068;0.0689;0.06697;0.0957;0.10732;0.06778;0.06983;0.08577;0.08914;0.12148;0.11432;0.1177;0.11468;0.1089;0.10685;0.11556;
Turkmenistan;TKM;Research and development expenditure (% of GDP);GB.XPD.RSDV.GD.ZS;;;;;;;;;;;;;;;;;;;;;;;;;;;;;;;;;;;;;;;;;;;;;;;;;;;;;;;;;;;
Latin America & the Caribbean (IDA & IBRD countries);TLA;Research and development expenditure (% of GDP);GB.XPD.RSDV.GD.ZS;;;;;;;;;;;;;;;;;;;;;;;;;;;;;;;;;;;;;;;;;0.553014958427178;0.532301923246933;0.521462580291681;0.556654981550821;0.566272001124604;0.594163821453913;0.593707356848853;0.63939314921566;0.684131794286853;0.715316509925804;0.749736946261821;0.728159199680255;0.704865669808015;0.74180708896063;0.773014260235414;0.798206077773582;0.769133338782882;;
Timor-Leste;TLS;Research and development expenditure (% of GDP);GB.XPD.RSDV.GD.ZS;;;;;;;;;;;;;;;;;;;;;;;;;;;;;;;;;;;;;;;;;;;;;;;;;;;;;;;;;;;
Middle East & North Africa (IDA & IBRD countries);TMN;Research and development expenditure (% of GDP);GB.XPD.RSDV.GD.ZS;;;;;;;;;;;;;;;;;;;;;;;;;;;;;;;;;;;;;;;;;;;;;;;;;;0.304037907902987;0.331843424531747;;;;;;;;
Tonga;TON;Research and development expenditure (% of GDP);GB.XPD.RSDV.GD.ZS;;;;;;;;;;;;;;;;;;;;;;;;;;;;;;;;;;;;;;;;;;;;;;;;;;;;;;;;;;;
South Asia (IDA & IBRD);TSA;Research and development expenditure (% of GDP);GB.XPD.RSDV.GD.ZS;;;;;;;;;;;;;;;;;;;;;;;;;;;;;;;;;;;;;0.631833461818119;0.625441282071559;0.635601123219591;0.659332938581246;0.664431938099916;0.670774655405529;0.671981180571449;0.72901;0.750566538233242;0.788824792019139;0.803250309316602;0.795167309348824;0.834771892989859;0.795733319069903;0.795137511293939;0.778595574857682;;;;0.561926906620695;;;
Sub-Saharan Africa (IDA & IBRD countries);TSS;Research and development expenditure (% of GDP);GB.XPD.RSDV.GD.ZS;;;;;;;;;;;;;;;;;;;;;;;;;;;;;;;;;;;;;;;;;;;;;;;;0.499239247853089;;;;;;;;;;;
Trinidad and Tobago;TTO;Research and development expenditure (% of GDP);GB.XPD.RSDV.GD.ZS;;;;;;;;;;;;;;;;;;;;;;;;;;;;;;;;;;;;;0.10325;0.11553;0.12715;0.12292;0.108;0.10417;0.13178;0.11501;0.11441;0.11431;0.07233;0.05922;0.03072;0.05665;0.04771;0.04024;0.04402;0.05814;0.08297;0.08856;0.09175;;
Tunisia;TUN;Research and development expenditure (% of GDP);GB.XPD.RSDV.GD.ZS;;;;;;;;;;;;;;;;;;;;;;;;;;;;;;;;;;;;;;;;;;;0.54302;0.65043;0.73095;0.71195;0.67726;0.66551;0.6394;0.70644;0.69026;0.70863;0.68206;0.67071;0.65484;0.62961;0.59989;;
Turkey;TUR;Research and development expenditure (% of GDP);GB.XPD.RSDV.GD.ZS;;;;;;;;;;;;;;;;;;;;;;;;;;;;;;;;;;;;;0.45159;0.49169;0.36224;0.45646;0.46783;0.52638;0.51294;0.46945;0.50215;0.56931;0.55749;0.69182;0.69292;0.8094;0.79892;0.79988;0.83217;0.81821;0.86077;0.8815;;;
Tuvalu;TUV;Research and development expenditure (% of GDP);GB.XPD.RSDV.GD.ZS;;;;;;;;;;;;;;;;;;;;;;;;;;;;;;;;;;;;;;;;;;;;;;;;;;;;;;;;;;;
Tanzania;TZA;Research and development expenditure (% of GDP);GB.XPD.RSDV.GD.ZS;;;;;;;;;;;;;;;;;;;;;;;;;;;;;;;;;;;;;;;;;;;;;;;;0.33994;;;0.38025;;;0.52924;;;;;
Uganda;UGA;Research and development expenditure (% of GDP);GB.XPD.RSDV.GD.ZS;;;;;;;;;;;;;;;;;;;;;;;;;;;;;;;;;;;;;;;;;;;0.36756;0.25612;0.26056;0.21514;0.30033;0.38821;0.32632;0.35331;0.47556;;;;0.17043;;;;
Ukraine;UKR;Research and development expenditure (% of GDP);GB.XPD.RSDV.GD.ZS;;;;;;;;;;;;;;;;;;;;;;;;;;;;;;;;;;;;;;11.923;106.993;0.96968;0.96213;102.329;0.9982;111.179;108.152;103.096;0.94908;0.85319;0.84644;0.85644;0.83346;0.7378;0.75167;0.76175;0.65034;0.61477;0.48384;0.44853;
Upper middle income;UMC;Research and development expenditure (% of GDP);GB.XPD.RSDV.GD.ZS;;;;;;;;;;;;;;;;;;;;;;;;;;;;;;;;;;;;;;;;;0.692767560543171;0.719478463486992;0.767418622397777;0.812369318647564;0.837720905179965;0.877654283410391;0.907245385121984;0.96748685512076;0.997891418175493;114.904.554.375.392;118.419.056.456.602;121.583.605.179.381;129.745.666.237.041;136.328.282.376.379;142.901.717.342.389;156.357.405.352.258;166.166.445.865.683;;
Uruguay;URY;Research and development expenditure (% of GDP);GB.XPD.RSDV.GD.ZS;;;;;;;;;;;;;;;;;;;;;;;;;;;;;;;;;;;;;0.26501;0.34994;0.19186;0.22417;0.20925;;0.23818;;;;0.36539;0.42472;0.37973;0.41252;0.34115;0.3487;0.3276;0.32113;0.33579;0.36446;0.40845;;
United States;USA;Research and development expenditure (% of GDP);GB.XPD.RSDV.GD.ZS;;;;;;;;;;;;;;;;;;;;;;;;;;;;;;;;;;;;;244.182;247.091;249.675;254.174;26.205;263.832;254.968;255.287;248.995;250.599;255.002;262.692;276.683;281.859;274.046;276.965;268.859;272.486;273.394;274.043;274.418;;
Uzbekistan;UZB;Research and development expenditure (% of GDP);GB.XPD.RSDV.GD.ZS;;;;;;;;;;;;;;;;;;;;;;;;;;;;;;;;;;;;;;;;;0.36063;0.34545;0.29356;0.26842;0.27041;0.23741;0.22395;0.21721;0.19354;0.20315;0.19523;0.19499;0.2021;0.19662;0.19644;0.21254;0.22139;0.18903;
St. Vincent and the Grenadines;VCT;Research and development expenditure (% of GDP);GB.XPD.RSDV.GD.ZS;;;;;;;;;;;;;;;;;;;;;;;;;;;;;;;;;;;;;;;;;;0.04306;0.12028;;;;;;;;;;;;;;;;
Venezuela; RB;Research and development expenditure (% of GDP);GB.XPD.RSDV.GD.ZS;;;;;;;;;;;;;;;;;;;;;;;;;;;;;;;;;;;;;;;;;;;;;;;0.18907;0.31742;0.2011;0.23803;0.24014;0.18823;0.15296;0.2501;0.31853;0.33713;0.24107;0.11867;
British Virgin Islands;VGB;Research and development expenditure (% of GDP);GB.XPD.RSDV.GD.ZS;;;;;;;;;;;;;;;;;;;;;;;;;;;;;;;;;;;;;;;;;;;;;;;;;;;;;;;;;;;
Virgin Islands (U.S.);VIR;Research and development expenditure (% of GDP);GB.XPD.RSDV.GD.ZS;;;;;;;;;;;;;;;;;;;;;;;;;;;;;;;;;;;;;;;;;;;0.06603;0.03765;0.03422;0.02929;0.03108;0.02707;;;;;;;;;;;
Vietnam;VNM;Research and development expenditure (% of GDP);GB.XPD.RSDV.GD.ZS;;;;;;;;;;;;;;;;;;;;;;;;;;;;;;;;;;;;;;;;;;;0.19273;;;;;;;;;0.19044;;0.37359;;0.44113;;;
Vanuatu;VUT;Research and development expenditure (% of GDP);GB.XPD.RSDV.GD.ZS;;;;;;;;;;;;;;;;;;;;;;;;;;;;;;;;;;;;;;;;;;;;;;;;;;;;;;;;;;;
World;WLD;Research and development expenditure (% of GDP);GB.XPD.RSDV.GD.ZS;;;;;;;;;;;;;;;;;;;;;;;;;;;;;;;;;;;;;197.145.273.016.166;196.926.780.522.478;198.347.143.347.544;205.839.590.490.644;205.760.582.740.821;20.783.328.880.152;204.189.700.018.015;203.077.005.865.153;198.278.378.528.829;196.546.546.713.451;197.496.228.599.822;194.390.749.639.488;199.769.670.773.982;203.674.984.209.708;202.368.312.062.275;201.100.317.272.638;2.075.356.224.931;203.274.337.659.298;212.052.136.841.178;211.496.346.138.145;222.867.140.794.656;;
Samoa;WSM;Research and development expenditure (% of GDP);GB.XPD.RSDV.GD.ZS;;;;;;;;;;;;;;;;;;;;;;;;;;;;;;;;;;;;;;;;;;;;;;;;;;;;;;;;;;;
Kosovo;XKX;Research and development expenditure (% of GDP);GB.XPD.RSDV.GD.ZS;;;;;;;;;;;;;;;;;;;;;;;;;;;;;;;;;;;;;;;;;;;;;;;;;;;;;;;;;;;
Yemen; Rep.;Research and development expenditure (% of GDP);GB.XPD.RSDV.GD.ZS;;;;;;;;;;;;;;;;;;;;;;;;;;;;;;;;;;;;;;;;;;;;;;;;;;;;;;;;;;;
South Africa;ZAF;Research and development expenditure (% of GDP);GB.XPD.RSDV.GD.ZS;;;;;;;;;;;;;;;;;;;;;;;;;;;;;;;;;;;;;;0.58354;;;;0.71578;;0.76051;0.81334;0.86315;0.89815;0.88287;0.88816;0.83562;0.73704;0.73451;0.73363;0.72488;0.77115;0.79816;;;
Zambia;ZMB;Research and development expenditure (% of GDP);GB.XPD.RSDV.GD.ZS;;;;;;;;;;;;;;;;;;;;;;;;;;;;;;;;;;;;;0.01104;0.00737;;;;;0.00544;0.00847;0.02223;0.02493;;;0.27819;;;;;;;;;;
Zimbabwe;ZWE;Research and development expenditure (% of GDP);GB.XPD.RSDV.GD.ZS;;;;;;;;;;;;;;;;;;;;;;;;;;;;;;;;;;;;;;;;;;;;;;;;;;;;;;;;;;;
